﻿<?xml version="1.0"?>
<configuration>
  <system.serviceModel>

    <services>
      <service name="HQOrderEntryImplementation.HQOrderEntryService">
        <endpoint
          address="msmq.formatname:DIRECT=OS:.\private$\OrderEntryQueue"
          binding="msmqIntegrationBinding"
          contract="HQOrderEntryServiceInterface.IOrderEntryService"
          bindingConfiguration="BindingMSMQ"/>


      </service>
      <service name="HQOrderEntryImplementation.SubscribeService">
        <endpoint
          address="net.tcp://localhost:9875"
          binding="netTcpBinding"
          contract="HQOrderEntryServiceInterface.ISubscribeToOrderTrackingInfo"/>
      </service>
    </services>

    <bindings>
      <msmqIntegrationBinding>
        <binding name="BindingMSMQ" exactlyOnce="false">
          <security mode="None"/>
        </binding>
      </msmqIntegrationBinding>
    </bindings>
    <client>

      <endpoint
          address="http://localhost:8081/HQProductServiceASMX/HQProductService.asmx"
          binding="basicHttpBinding"
          contract="HQProductServiceASMXClient.ServiceSoap"
          name="ServiceSoap" />
   
    </client>

  </system.serviceModel> 

</configuration>
