<Events>
<Event xmlns="http://schemas.microsoft.com/win/2004/08/events/event">
	<System>
		<Provider Guid="{9e814aad-3204-11d2-9a82-006008a86939}" />
		<EventID>0</EventID>
		<Version>2</Version>
		<Level>0</Level>
		<Task>0</Task>
		<Opcode>0</Opcode>
		<Keywords>0x0</Keywords>
		<TimeCreated SystemTime="2015-10-14T21:45:06.038500000Z" />
		<Correlation ActivityID="{00000000-0000-0000-0000-000000000000}" />
		<Execution ProcessID="2152" ThreadID="8364" ProcessorID="0" KernelTime="0" UserTime="15" />
		<Channel />
		<Computer />
	</System>
	<EventData>
		<Data Name="BufferSize">    8192</Data>
		<Data Name="Version">83951626</Data>
		<Data Name="ProviderVersion">   10565</Data>
		<Data Name="NumberOfProcessors">       4</Data>
		<Data Name="EndTime">130893255416700686</Data>
		<Data Name="TimerResolution">  156250</Data>
		<Data Name="MaxFileSize">       0</Data>
		<Data Name="LogFileMode">0x0</Data>
		<Data Name="BuffersWritten">       4</Data>
		<Data Name="StartBuffers">       1</Data>
		<Data Name="PointerSize">       8</Data>
		<Data Name="EventsLost">       0</Data>
		<Data Name="CPUSpeed">    2295</Data>
		<Data Name="LoggerName">0xA</Data>
		<Data Name="LogFileName">0x6</Data>
		<Data Name="BootTime">130893142944867139</Data>
		<Data Name="PerfFreq">2240906</Data>
		<Data Name="StartTime">130893255060385000</Data>
		<Data Name="ReservedFlags">0x1</Data>
		<Data Name="BuffersLost">       0</Data>
		<Data Name="SessionNameString">mysession</Data>
		<Data Name="LogFileNameString">C:\Users\chris\Source\Repos\ProfessionalCSharp6\Diagnostics\EventSourceSamples\SimpleEventSourceSample\mytrace.etl</Data>
	</EventData>
	<RenderingInfo Culture="en-US">
		<Opcode>Header</Opcode>
		<Provider>MSNT_SystemTrace</Provider>
		<EventName xmlns="http://schemas.microsoft.com/win/2004/08/events/trace">EventTrace</EventName>
	</RenderingInfo>
	<ExtendedTracingInfo xmlns="http://schemas.microsoft.com/win/2004/08/events/trace">
		<EventGuid>{68fdd900-4a3e-11d1-84f4-0000f80464e3}</EventGuid>
	</ExtendedTracingInfo>
</Event>
<Event xmlns="http://schemas.microsoft.com/win/2004/08/events/event">
	<System>
		<Provider Name="Wrox-SimpleEventSourceSample" Guid="{3b0e7fa6-0346-5781-db55-49d84d7103de}" />
		<EventID>2</EventID>
		<Version>0</Version>
		<Level>5</Level>
		<Task>0</Task>
		<Opcode>0</Opcode>
		<Keywords>0x0</Keywords>
		<TimeCreated SystemTime="2015-10-14T21:45:20.874754600Z" />
		<Correlation ActivityID="{00000000-0000-0000-0000-000000000000}" />
		<Execution ProcessID="120" ThreadID="9636" ProcessorID="1" KernelTime="45" UserTime="270" />
		<Channel />
		<Computer />
	</System>
	<EventData>
		<Data Name="Info">started app</Data>
	</EventData>
	<RenderingInfo Culture="en-US">
		<Task>Startup</Task>
	</RenderingInfo>
</Event>
<Event xmlns="http://schemas.microsoft.com/win/2004/08/events/event">
	<System>
		<Provider Name="Wrox-SimpleEventSourceSample" Guid="{3b0e7fa6-0346-5781-db55-49d84d7103de}" />
		<EventID>3</EventID>
		<Version>0</Version>
		<Level>5</Level>
		<Task>0</Task>
		<Opcode>0</Opcode>
		<Keywords>0x0</Keywords>
		<TimeCreated SystemTime="2015-10-14T21:45:20.884469400Z" />
		<Correlation ActivityID="{00000000-0000-0000-0000-000000000000}" />
		<Execution ProcessID="120" ThreadID="9636" ProcessorID="0" KernelTime="60" UserTime="270" />
		<Channel />
		<Computer />
	</System>
	<EventData>
		<Data Name="Info">calling http://www.cninnovation.com</Data>
	</EventData>
	<RenderingInfo Culture="en-US">
		<Task>Network</Task>
	</RenderingInfo>
</Event>
<Event xmlns="http://schemas.microsoft.com/win/2004/08/events/event">
	<System>
		<Provider Name="Wrox-SimpleEventSourceSample" Guid="{3b0e7fa6-0346-5781-db55-49d84d7103de}" />
		<EventID>3</EventID>
		<Version>0</Version>
		<Level>5</Level>
		<Task>0</Task>
		<Opcode>0</Opcode>
		<Keywords>0x0</Keywords>
		<TimeCreated SystemTime="2015-10-14T21:45:21.053017700Z" />
		<Correlation ActivityID="{00000000-0000-0000-0000-000000000000}" />
		<Execution ProcessID="120" ThreadID="10612" ProcessorID="3" KernelTime="0" UserTime="0" />
		<Channel />
		<Computer />
	</System>
	<EventData>
		<Data Name="Info">completed call to http://www.cninnovation.com, result string length: 7238</Data>
	</EventData>
	<RenderingInfo Culture="en-US">
		<Task>Network</Task>
	</RenderingInfo>
</Event>
</Events>
