﻿<?xml version="1.0" encoding="utf-8" ?>
<!--
Copyright 2010 Chaur Wu.

Licensed under the Apache License, Version 2.0 (the "License");
you may not use this file except in compliance with the License.
You may obtain a copy of the License at

     http://www.apache.org/licenses/LICENSE-2.0

Unless required by applicable law or agreed to in writing, software
distributed under the License is distributed on an "AS IS" BASIS,
WITHOUT WARRANTIES OR CONDITIONS OF ANY KIND, either express or implied.
See the License for the specific language governing permissions and
limitations under the License.
-->

<objects xmlns="http://www.springframework.net"
		xmlns:xsi="http://www.w3.org/2001/XMLSchema-instance"
		xmlns:aop="http://www.springframework.net/aop">

  <aop:config>
    <aop:advisor id="getAgeAdvisor" pointcut-ref="getAgeCalls" 
                 advice-ref="loggingAdvice" order="5" />

    <aop:advisor id="getAgeAdvisor2" pointcut-ref="getAgeCalls"
                 advice-ref="loggingAdvice2" order="2" />
  </aop:config>

  <object id="getAgeCalls" type="Spring.Aop.Support.SdkRegularExpressionMethodPointcut, Spring.Aop">
    <property name="patterns">
      <list>
        <value>.*Age</value>
        <value>.*Name</value>
      </list>
    </property>
  </object>

  <object id="loggingAdvice" type="Aop.LoggingAdvice, Aop"/>
  <object id="loggingAdvice2" type="Aop.LoggingAdvice2, Aop"/>

  <object id="employeeBob" type="Aop.Employee, Aop">
    <property name="Name" value="Bob"/>
    <property name="Age" value="30"/>
  </object>
  
</objects>
